link,occurrences,sheet_rows
https://www.businessinsider.com/shrm-discrimination-lawsuit-verdict-11-million-racism-retaliation,32,"3, 5, 7, 9, 11, 13, 49, 86, 144, 248, 252, 256, 260, 264, 268, 272, 276, 280, 284, 288, 292, 335, 426, 518, 571, 612, 643, 661, 681, 690, 719, 747"
https://biztoc.com/x/22e411239f0d5eda,28,"2, 4, 6, 8, 10, 12, 48, 85, 143, 247, 251, 255, 259, 263, 267, 271, 275, 279, 283, 287, 291, 334, 425, 517, 570, 611, 642, 652"
https://www.businessinsider.com/shrm-verdict-lawsuit-ceo-video-response-linkedin-2025-12,23,"246, 250, 254, 258, 262, 266, 270, 274, 278, 282, 286, 290, 333, 424, 516, 569, 610, 641, 660, 680, 689, 718, 746"
https://biztoc.com/x/f36e1e61a2d8a9ff,19,"245, 249, 253, 257, 261, 265, 269, 273, 277, 281, 285, 289, 332, 423, 515, 568, 609, 640, 651"
https://www.linkedin.com/posts/kmflynn_late-to-the-conversation-here-but-needed-activity-7403993860839985152-9NLM,10,"307, 336, 427, 519, 572, 613, 662, 691, 720, 748"
https://www.linkedin.com/posts/traciesponenberg_thank-you-ashley-for-sharing-every-step-of-activity-7402888597600849920-6ENN,10,"311, 346, 437, 528, 581, 621, 670, 699, 728, 756"
https://www.linkedin.com/posts/ashleyherd_will-the-shrm-trial-actually-go-to-the-jury-activity-7402535067966722048-Qn8M,10,"312, 342, 433, 524, 577, 617, 666, 700, 729, 757"
https://www.linkedin.com/posts/lindsaykimchung_shrm-tried-to-hide-who-they-are-at-trial-activity-7404294781746561024-nupj,10,"313, 348, 439, 530, 583, 622, 671, 701, 730, 758"
https://www.linkedin.com/posts/brendannicholls_jury-hits-shrm-with-115m-verdict-in-racial-activity-7404164213608312832-oOke,10,"314, 341, 432, 523, 576, 616, 665, 698, 727, 755"
https://www.linkedin.com/posts/anthonyparishoward_dathrguy-activity-7403773307717836800-mOYM,10,"320, 339, 430, 521, 574, 615, 664, 696, 725, 751"
https://www.linkedin.com/posts/leslie-marant_lets-talk-about-why-this-shrm-verdict-should-activity-7404873361908015104-ewyS,10,"321, 340, 431, 522, 575, 614, 663, 695, 721, 749"
https://www.reddit.com/r/law/comments/1pia7p5/hr_giant_shrm_faces_blowback_after_a_nuclear_115/,10,"554, 561, 602, 633, 644, 653, 673, 682, 713, 741"
https://www.reddit.com/r/humanresources/comments/1pk80rj/shrmcp_prelim_pass_na/,10,"557, 564, 605, 636, 647, 656, 676, 685, 714, 742"
https://www.reddit.com/r/WGUMSHRM/comments/1pj5hor/shrm_lawsuit/,10,"558, 565, 606, 637, 648, 657, 677, 686, 715, 743"
https://www.reddit.com/r/humanresources/comments/1pgiza3/shrmp_cp_usa/,10,"559, 566, 607, 638, 649, 658, 678, 687, 716, 744"
https://www.reddit.com/r/humanresources/comments/1piasm9/will_hrci_take_the_lead_in_the_certifications_now/,10,"560, 567, 608, 639, 650, 659, 679, 688, 717, 745"
https://www.linkedin.com/posts/ashleyherd_what-happens-when-an-employees-termination-activity-7401300298180292608-jD_m,9,"318, 352, 443, 534, 587, 625, 704, 732, 760"
https://www.linkedin.com/posts/jacknewsham_breaking-the-worlds-biggest-hr-organization-activity-7402865329066049538-b-ZU,9,"325, 417, 508, 542, 595, 626, 706, 735, 763"
https://www.linkedin.com/posts/sarah-e-needleman-k-4167b1_shrm-the-worlds-largest-hr-group-has-been-activity-7403099441945014272-j3Ke,9,"327, 418, 510, 544, 597, 628, 709, 738, 766"
https://www.linkedin.com/posts/jonathanhyman_115-million-thats-the-number-a-jury-needed-activity-7403787945650053121-l_Z3,9,"328, 419, 511, 545, 598, 630, 707, 736, 764"
https://www.linkedin.com/posts/markstelzner_shrm-the-worlds-largest-hr-group-has-been-activity-7403075382779846656-Woe3,9,"329, 420, 512, 546, 599, 629, 710, 739, 767"
https://www.linkedin.com/posts/larryhernandezrecruiter_trial-for-shrm-race-discrimination-case-set-activity-7401335260262948864-G-nA,9,"412, 503, 537, 549, 590, 624, 703, 733, 761"
https://www.linkedin.com/posts/kaitlin-godair-3b2bb718_recently-shrm-informed-all-of-us-through-activity-7402791616647901184-wTHc,9,"415, 506, 540, 551, 593, 623, 702, 731, 759"
https://www.linkedin.com/posts/jbronzert_shrm-the-worlds-largest-hr-group-has-been-activity-7404189145104900097-gkLk,8,"326, 509, 543, 596, 627, 708, 737, 765"
https://www.reddit.com/r/workplace_bullying/comments/1pfmvn0/vindicated/,8,"555, 562, 603, 634, 645, 654, 674, 683"
https://www.reddit.com/r/humanresources/comments/1pfc8cw/shrm_hit_with_115_million_verdict_in_a_racial/,8,"556, 563, 604, 635, 646, 655, 675, 684"
https://www.linkedin.com/posts/tiffanytoussaint_shrm-the-worlds-largest-hr-group-has-been-activity-7402878817914310656-59y2,7,"323, 343, 434, 526, 579, 620, 668"
https://www.linkedin.com/posts/teri-bouchard_yikes-activity-7403890204576555008-SEBP,7,"331, 422, 514, 548, 601, 632, 712"
https://www.linkedin.com/posts/margaretspence_wellwellwell-is-anyone-surprised-with-activity-7402919741369245696-lp_m,6,"322, 345, 436, 525, 578, 669"
https://www.linkedin.com/posts/anthonyparishoward_dathrguy-activity-7404864139510099968-RSzD,6,"324, 344, 435, 527, 580, 618"
https://www.linkedin.com/posts/amy-johnston-cphr-22633834_it-has-been-huge-week-in-hr-with-shrm-being-activity-7402908374377381888-p5ZT,6,"330, 421, 513, 547, 600, 631"
https://www.linkedin.com/posts/ashleyherd_whats-happening-with-shrms-discrimination-activity-7379148978208051200-nMQQ,5,"295, 337, 428, 520, 573"
https://www.linkedin.com/posts/traciesponenberg_have-you-heard-about-shrms-recent-employment-activity-7252267385250807810-LTNh,5,"303, 347, 438, 529, 582"
https://www.linkedin.com/posts/marlenechism_shrm-lawsuit-discrimination-activity-7404989709095120896-4s-O,5,"306, 355, 446, 535, 588"
https://www.linkedin.com/posts/leeabrahams_firms-stick-to-four-day-week-after-trial-activity-7033725401457655808-d4BD,5,"315, 349, 440, 531, 584"
https://www.linkedin.com/posts/nayma-vega_senior-trial-attorney-activity-7316571207934332928-StPa,5,"316, 350, 441, 532, 585"
https://www.linkedin.com/posts/terrell-mccray-shrm-cp-mshrm-6879811b_ive-been-called-for-jury-duty-six-times-activity-7062191446715473920-zmUK,5,"317, 351, 442, 533, 586"
https://www.linkedin.com/posts/vcushrm_our-president-sarah-richman-and-vice-activity-7373063978526355456-1EfC,5,"413, 504, 538, 550, 591"
https://www.linkedin.com/posts/kellycharlescollins_in-kelly-was-outside-news-i-attended-my-activity-7287898230942523394-nJoY,5,"414, 505, 539, 553, 592"
https://www.linkedin.com/posts/stevenrussolillo_shrm-the-society-for-human-resource-management-activity-7398767606431686658-s-aD,5,"416, 507, 541, 552, 594"
https://www.linkedin.com/posts/paul-lalonde_hr-leadershipfail-shrm-activity-7401354839102042112-NLgM,4,"293, 694, 724, 752"
https://www.linkedin.com/posts/madhujit_shrm-hrpractices-discriminaiton-activity-7404763838908391424-0PCv,4,"360, 451, 536, 589"
https://twitter.com/i/web/status/1997863603249299821,3,"14, 51, 109"
https://twitter.com/i/web/status/1997828882993717555,3,"15, 52, 110"
https://twitter.com/i/web/status/1997741547605909846,3,"16, 53, 111"
https://twitter.com/i/web/status/1997499346133160365,3,"17, 54, 112"
https://twitter.com/i/web/status/1997461985764802844,3,"18, 55, 113"
https://twitter.com/i/web/status/1997417358571229429,3,"19, 56, 114"
https://twitter.com/i/web/status/1997393146309644533,3,"20, 57, 115"
https://twitter.com/i/web/status/1997322788986634267,3,"21, 58, 116"
https://twitter.com/i/web/status/1997320664852639893,3,"22, 59, 117"
https://twitter.com/i/web/status/1997309524416332042,3,"23, 60, 118"
https://twitter.com/i/web/status/1997307913795174479,3,"24, 61, 119"
https://twitter.com/i/web/status/1997232834335982031,3,"25, 62, 120"
https://twitter.com/i/web/status/1997186327457288276,3,"26, 63, 121"
https://twitter.com/i/web/status/1997169897499927009,3,"27, 64, 122"
https://twitter.com/i/web/status/1997161790946340984,3,"28, 65, 123"
https://twitter.com/i/web/status/1997161535546831286,3,"29, 66, 124"
https://twitter.com/i/web/status/1997161279589368294,3,"30, 67, 125"
https://twitter.com/i/web/status/1997161023908766020,3,"31, 68, 126"
https://twitter.com/i/web/status/1997160768010064145,3,"32, 69, 127"
https://twitter.com/i/web/status/1997160512312766727,3,"33, 70, 128"
https://twitter.com/i/web/status/1997160256204308743,3,"34, 71, 129"
https://twitter.com/i/web/status/1997159996065276323,3,"35, 72, 130"
https://twitter.com/i/web/status/1997159739822641330,3,"36, 73, 131"
https://twitter.com/i/web/status/1997159484154658828,3,"37, 74, 132"
https://twitter.com/i/web/status/1997159228759302554,3,"38, 75, 133"
https://twitter.com/i/web/status/1997155853707665561,3,"39, 76, 134"
https://twitter.com/i/web/status/1997135834969935905,3,"40, 77, 135"
https://twitter.com/i/web/status/1997127811333570891,3,"41, 78, 136"
https://twitter.com/i/web/status/1997123998384005237,3,"42, 79, 137"
https://twitter.com/i/web/status/1997115482793726269,3,"43, 80, 138"
https://twitter.com/i/web/status/1997113758758719653,3,"44, 81, 139"
https://twitter.com/i/web/status/1997109929082048768,3,"45, 82, 140"
https://twitter.com/i/web/status/1997099479615627392,3,"46, 83, 141"
https://twitter.com/i/web/status/1997098823249023455,3,"47, 84, 142"
https://www.linkedin.com/posts/christiehoffman_this-moment-is-bigger-than-shrm-its-about-activity-7404166687589183488-9vex,3,"319, 338, 429"
https://www.linkedin.com/posts/amberwaugaman_when-the-ceo-of-shrm-calls-an-115-million-activity-7405305983440400384-oyDt,3,"692, 722, 750"
https://www.linkedin.com/posts/nicodecock65_the-shrm-verdict-the-day-the-legacy-hr-temple-activity-7404224939660214273-CWgE,3,"693, 723, 753"
https://www.linkedin.com/posts/mollyirogers_i-have-seen-so-many-posts-about-the-latest-activity-7404535818213552128-fjb3,3,"697, 726, 754"
https://www.linkedin.com/posts/marcellewood76262_friday-feelings-a-turning-point-for-hr-activity-7405245084390264833-QZYe,3,"705, 734, 762"
https://www.linkedin.com/posts/brian-ginsberg-chrs-b7776b40_hr-shrm-societyforhumanresourcemanagement-activity-7403824702626193408-CUjP,3,"711, 740, 768"
https://twitter.com/i/web/status/1997970727878930712,2,"50, 108"
https://www.linkedin.com/posts/erica-sanchez-cissell-2bbb3178_shrm-hr-strategichr-activity-7384238244093288448-Bw1l,2,"353, 444"
https://www.linkedin.com/posts/donna-orlando-phr-shrm-cp-4bb1b21_like-many-hr-colleagues-ive-been-following-activity-7402384564330975233-zuRP,2,"354, 445"
https://www.linkedin.com/posts/bobbivernon_credentialing-marketing-valueofcredentialing-activity-7394923006243860480-mACc,2,"356, 447"
https://www.linkedin.com/posts/chiefmemeofficer_hrm-doesnt-want-to-be-known-as-a-model-activity-7381695748368928769-uF2M,2,"357, 448"
https://www.linkedin.com/posts/jonathanhyman_every-so-often-a-litigation-strategy-comes-activity-7401976039679090689-nnH_,2,"358, 449"
https://www.linkedin.com/posts/hr-besties-podcast_shrm-in-court-again-shrm-recently-got-activity-7313224228177076224-MJFP,2,"359, 450"
https://www.linkedin.com/posts/marianne-taylor-sphr-shrm-scp-3953956_who-remembers-the-enron-scandal-those-activity-6694413202173812736-462C,2,"361, 452"
https://www.linkedin.com/posts/tara-mcalister_coldplays-kiss-cam-exposes-astronomers-activity-7351673389708648450-dUlc,2,"362, 453"
https://www.linkedin.com/posts/jdrobinson1_im-late-posting-but-what-a-blast-shrm-vlbm-activity-7269000931604619264-6xhs,2,"363, 454"
https://www.linkedin.com/posts/catherinemattice_toxic-culture-isnt-always-a-headline-making-activity-7379877904593305600-IgbJ,2,"364, 455"
https://www.linkedin.com/posts/mistygaither_im-going-to-say-the-quiet-part-out-loud-activity-7372011231966134272-ti6w,2,"365, 456"
https://www.linkedin.com/posts/kyle-wiley-mshrm-shrm-scp-he-him-08844811_shrmvlbm-hrleadership-networking-activity-7266628895469187072-tsyZ,2,"366, 457"
https://www.linkedin.com/posts/juliehrguru_leadership-isnt-just-about-doing-the-activity-7382399613137440768-Dp9E,2,"367, 458"
https://www.linkedin.com/posts/pennymcnerney_hr-leadership-workplaceculture-activity-7351940348564148225-qvEh,2,"368, 459"
https://www.linkedin.com/posts/judyasmith_just-before-the-holiday-i-had-the-opportunity-activity-7270548964091846656-3wA1,2,"369, 460"
https://www.linkedin.com/posts/ali-aguilar_bye-shrm-i-just-took-my-membership-off-auto-renew-activity-7376993936319381504-0hcO,2,"370, 461"
https://www.linkedin.com/posts/michael-baran-phd_shrm-diversity-inclusion-activity-7371193540183465984-WoNE,2,"371, 462"
https://www.linkedin.com/posts/tamicasears_boycottshrm-activity-7379187607756292098-iK0e,2,"372, 463"
https://www.linkedin.com/posts/mikkforbes_hr-inclusionmatters-shrm2025-activity-7371597033415159808-RHUI,2,"373, 464"
https://www.linkedin.com/posts/kimberleestiens_shrm-removes-equity-from-dei-program-to-activity-7220108097002840065-5ioN,2,"374, 465"
https://www.linkedin.com/posts/businessinsider_shrm-has-been-embroiled-in-controversy-in-activity-7398805114163179521-wkIB,2,"375, 466"
https://www.linkedin.com/posts/paul-lalonde_invite-to-an-anti-dei-activist-prompts-hr-activity-7385050313944264704-ohzP,2,"376, 467"
https://www.linkedin.com/posts/morganbwilliams_ive-avoided-discussing-shrm-because-at-this-activity-7399182608888340480-ZDZ9,2,"377, 468"
https://www.linkedin.com/posts/alexseiler_you-cant-make-this-up-shrm-announced-that-activity-7371530853845409792-bohx,2,"378, 469"
https://www.linkedin.com/posts/laurieruettimann_jason-sudeikis-shrm-and-the-case-of-the-activity-7211087731123265536-WXYz,2,"379, 470"
https://www.linkedin.com/posts/amybakay_2019photos-cheerstofiveyears-hrleadership-activity-7208470991029612545-qo4l,2,"380, 471"
https://www.linkedin.com/posts/daniellemverderosa_hrcompliance-sexualharassment-humanresources-activity-7282767053399179265-OeWk,2,"381, 472"
https://www.linkedin.com/posts/amybakay_amy-b-bakay-shrm-scp-activity-7227746681868468225-767e,2,"382, 473"
https://www.linkedin.com/posts/amybakay_hrcommunity-hrconsulting-hrexperts-activity-6717453789596655616-jDfC,2,"383, 474"
https://www.linkedin.com/posts/amybakay_company-holiday-parties-have-fun-but-be-activity-7270875015598792704-JFek,2,"384, 475"
https://www.linkedin.com/posts/amybakay_engagement-people-culture-activity-7396578260639453184-JsMB,2,"385, 476"
https://www.linkedin.com/posts/amybakay_hr-nola-would-like-to-thank-the-new-orleans-activity-6387152403078135808-gCgo?trk=public_profile_like_view,2,"386, 477"
https://www.linkedin.com/posts/amybakay_people-hr-predictiveindex-activity-7079871290244820992-Zypy,2,"387, 478"
https://www.linkedin.com/posts/amybakay_its-not-about-balance-its-about-integration-activity-6585502834513494016-y6pv,2,"388, 479"
https://www.linkedin.com/posts/johnnyctaylorjr_shrm-cards-against-incivility-civilityatwork-activity-7181401438844071936-H0p5,2,"389, 480"
https://www.linkedin.com/posts/chrystawilson_shrm-q3-civility-index-activity-7364680356832137216-IreR,2,"390, 481"
https://www.linkedin.com/posts/johnnyctaylorjr_suicideprevention-activity-7049457892667654145-R4oc,2,"391, 482"
https://www.linkedin.com/posts/mahuaraychaudhuri_sexualharassment-posh-hr-activity-7240259023013343232-54En,2,"392, 483"
https://www.linkedin.com/posts/benefit-advisors-network_hrci-shrm-hr-activity-7391927458708615168-lcgC,2,"393, 484"
https://www.linkedin.com/posts/ivestay_hr-giant-shrm-asked-judge-to-exclude-evidence-activity-7401591008809181184-qtAk,2,"394, 485"
https://www.linkedin.com/posts/rgotian_absolutely-agree-johnny-c-taylor-jr-activity-7216894217724268546-hnCT,2,"395, 486"
https://www.linkedin.com/posts/johnnyctaylorjr_shrm-hr-humanresources-activity-7350841650266398722-E_nx,2,"396, 487"
https://www.linkedin.com/posts/johnnyctaylorjr_shrm-on-capitol-hill-full-testimony-policynotpolitics-activity-7293028253752000513-pTfn,2,"397, 488"
https://www.linkedin.com/posts/johnnyctaylorjr_shrm-humanresources-talentshortage-activity-7275134711331532800-0enZ,2,"398, 489"
https://www.linkedin.com/posts/emily-rector_i-met-johnny-c-taylor-jr-shrm-scp-president-activity-7383906651260641280-FxOp,2,"399, 490"
https://www.linkedin.com/posts/johnnyctaylorjr_inclusion23-shrm-hr-activity-7125498745055535105-vWxQ,2,"400, 491"
https://www.linkedin.com/posts/johnnyctaylorjr_grateful-leadership-futureofwork-activity-7354117622822543362-2JO7,2,"401, 492"
https://www.linkedin.com/posts/johnnyctaylorjr_shrm-hr-olderworkers-activity-7231657176841289728-yC-Q,2,"402, 493"
https://www.linkedin.com/posts/johnnyctaylorjr_shrm-humanresources-hr-activity-7246609760307830784-JQbV,2,"403, 494"
https://www.linkedin.com/posts/johnnyctaylorjr_shrm25-shrm-skillsbasedhiring-activity-7302764788353236993-7yOL,2,"404, 495"
https://www.linkedin.com/posts/johnnyctaylorjr_3-cs-for-chro-success-with-shrm-ceo-johnny-activity-7344478506543710209-cd_O,2,"405, 496"
https://www.linkedin.com/posts/johnnyctaylorjr_shrm-ceo-its-hrs-time-duty-to-rise-above-activity-7350548466097446916-FaMd,2,"406, 497"
https://www.linkedin.com/posts/johnnyctaylorjr_shrm-hr-mentorship-activity-7216524963002904576-y6Cx,2,"407, 498"
https://www.linkedin.com/posts/johnnyctaylorjr_society-of-human-resource-management-ceo-activity-6656246599087374337-ILAA,2,"408, 499"
https://www.linkedin.com/posts/johnnyctaylorjr_shrm-humanresources-ceo-activity-7267522571749789703-37l3,2,"409, 500"
https://www.linkedin.com/posts/johnnyctaylorjr_shrm-hr-humanresources-activity-7340488237133582338-ZYRT,2,"410, 501"
https://www.linkedin.com/posts/johnnyctaylorjr_shrm-recruitment-talentaquisition-activity-7224441081797472256-kpAj,2,"411, 502"
https://www.linkedin.com/posts/melissabruno_people-peopleops-modernhr-activity-7403798793055412224-C3qb,2,"619, 667"
